{
  "NDVI": {
    "min": -0.5191301107406616,
    "max": 0.9524043798446655,
    "mean": 0.2765607535839081,
    "std": 0.19033022224903107
  },
  "NDBI": {
    "min": -0.7802031636238098,
    "max": 0.7438691258430481,
    "mean": 0.05130697786808014,
    "std": 0.10689836740493774
  },
  "NBI": {
    "min": 19.19777488708496,
    "max": 19470.140625,
    "mean": 1690.41796875,
    "std": 793.7994995117188
  }
}