{
  "NDVI": {
    "min": -0.23814962804317474,
    "max": 0.8972956538200378,
    "mean": 0.35283908247947693,
    "std": 0.20534154772758484
  },
  "NDBI": {
    "min": -0.6853415966033936,
    "max": 0.5358253121376038,
    "mean": 0.03251313045620918,
    "std": 0.17477715015411377
  },
  "NBI": {
    "min": 75.9881362915039,
    "max": 8479.8154296875,
    "mean": 1629.3409423828125,
    "std": 962.1532592773438
  }
}