{
  "NDVI": {
    "min": -0.08773784339427948,
    "max": 0.6722965836524963,
    "mean": 0.21749086678028107,
    "std": 0.1389428675174713
  },
  "NDBI": {
    "min": -0.4890498220920563,
    "max": 0.3833438754081726,
    "mean": 0.027054645121097565,
    "std": 0.11720345169305801
  },
  "NBI": {
    "min": 485.88397216796875,
    "max": 9414.3232421875,
    "mean": 2747.538330078125,
    "std": 1029.95947265625
  }
}