{
  "NDVI": {
    "min": -0.16491228342056274,
    "max": 0.682149350643158,
    "mean": 0.16908805072307587,
    "std": 0.11674003303050995
  },
  "NDBI": {
    "min": -0.4287882149219513,
    "max": 0.4969143867492676,
    "mean": 0.03109907917678356,
    "std": 0.0751100480556488
  },
  "NBI": {
    "min": 561.3388671875,
    "max": 12075.8837890625,
    "mean": 2754.51904296875,
    "std": 832.1965942382812
  }
}