{
  "accuracy": 0.9774,
  "precision": 0.9806,
  "recall": 0.9774,
  "f1_score": 0.9783,
  "confusion_matrix": [
    [
      3123,
      0,
      28,
      49,
      86,
      0
    ],
    [
      0,
      41967,
      275,
      0,
      0,
      0
    ],
    [
      557,
      171,
      53609,
      247,
      0,
      0
    ],
    [
      792,
      0,
      834,
      68397,
      674,
      41
    ],
    [
      53,
      0,
      0,
      15,
      2502,
      60
    ],
    [
      0,
      0,
      0,
      2,
      47,
      186
    ]
  ],
  "feature_importance": {
    "B02": 0.14704856587871998,
    "B03": 0.1401807773935141,
    "B04": 0.28426449497157114,
    "B08": 0.23657882984628836,
    "B11": 0.10005339513336396,
    "B12": 0.09187393677654253
  },
  "n_train": 405333,
  "n_test": 173715,
  "class_names": {
    "0": "Other",
    "1": "Dense Vegetation",
    "2": "Sparse Vegetation",
    "3": "Built-up",
    "4": "Bare Soil",
    "5": "Water"
  }
}