{
  "accuracy": 0.987,
  "precision": 0.9879,
  "recall": 0.987,
  "f1_score": 0.9873,
  "confusion_matrix": [
    [
      203,
      0,
      6,
      20,
      6,
      0
    ],
    [
      0,
      27300,
      158,
      0,
      0,
      0
    ],
    [
      74,
      58,
      26110,
      286,
      0,
      0
    ],
    [
      81,
      0,
      228,
      21049,
      48,
      3
    ],
    [
      4,
      0,
      0,
      12,
      89,
      2
    ],
    [
      0,
      0,
      0,
      0,
      1,
      5
    ]
  ],
  "feature_importance": {
    "B02": 0.16408872452856105,
    "B03": 0.19560631700801126,
    "B04": 0.2770888976340562,
    "B08": 0.1621647653088252,
    "B11": 0.07629679167839232,
    "B12": 0.12475450384215397
  },
  "n_train": 176733,
  "n_test": 75743,
  "class_names": {
    "0": "Other",
    "1": "Dense Vegetation",
    "2": "Sparse Vegetation",
    "3": "Built-up",
    "4": "Bare Soil",
    "5": "Water"
  }
}